iter	Logloss
0	0.533090302
1	0.4705744243
2	0.4253965697
3	0.403247668
4	0.3907612916
5	0.3844702509
6	0.3799457291
7	0.3772835031
8	0.3752977471
9	0.3707199522
